gerald.white@orange.fr,WHITE,Gerald
catherinewhite@wanadoo.fr,WHITE,Catherine
didier.maitret1@gmail.com,MAITRET,Didier
didier.maitret1@gmail.com,MAITRET,Helene
lfaivre@bluewin.ch,FAIVRE,Liliane
info@hotellescimes.info,SMITH,Michelle
gilles.mailletcontoz@sfr.fr,MAILLET CONTOZ,Gilles
df.farah.diane@gmail.com,FARAH,Diane
benoitveyrat@free.fr,VEYRAT,Benoît
carole.socquet@club-internet.fr,SOCQUET,Carole
mapmegeve@hotmail.fr,PERRET,Marie-agnès
anperret@cegetel.net,PERRET,André
annick.megeve@orange.fr,SOCQUET-CLERC,Annick
lesairelles1@gmail.com,D'ANGELO,Christelle
didier.chiesa@orange.fr,CHIESA,Didier
antoine.g65@gmail.com,GARCIA,Antonio
sylvain.hebel@orange.fr,HEBEL,Sylvain 
patrick.fichard@free.fr,FICHARD,Patrick
jlg.brassart@orange.fr,BRASSART,Jean loup
r.dessimoz@yahoo.fr,DESSIMOZ,Rosine
alain.racape2@gmail.com,RACAPE,Alain
annick.racape3@gmail.com,RACAPE,Annick
gerard.balbis@wanadoo.fr,BALBIS,Maria dolores lolita
contact@vivremegeve.fr,GROSSET JANIN,Nicole
fparis-leclerc@orange.fr,PARIS-LECLERC,Françoise
contact@vivremegeve.fr,SEIGNEUR,Raymond
contact@vivremegeve.fr,SEIGNEUR,Marguerite lina
verdan.ry@gmail.com,VERDAN,Raymond-Yves
sergeperies@gmail.com,PERIES,Serge
ph.ouvrierbuffet@orange.fr,OUVRIER BUFFET,Philippe
giraud74120@yahoo.fr,GIRAUD,Valerie
saneob@gmail.com,OUVRIER-BUFFET,Sandrine
christine-inconnue@hotmail.com,EL KATCHA,Christine
el-katcha@alimenta.com,EL KATCHA,Magdi
nath.laflaquiere@gmail.com,CONSEIL,Olivier
nath.laflaquiere@gmail.com,CONSEIL LAFLAQUIERE,Nathalie
jeanne.nio@hotmail.fr,NIO,Jeanne
marc.maso@wanadoo.fr,MASO,Marc
marikabuchet@hotmail.fr,BUCHET,Marika
j.socquet-clerc@orange.fr,SOCQUET-CLERC,Jacques
j.socquet-clerc@orange.fr,SOCQUET-CLERC,Christine
rfine@free.fr,FINE,Rémy
a.fine@free.fr,FINE,Arielle
daniele.grognieux@orange.fr,GROGNIEUX,Daniele
horaciolabamba@orange.fr,GARCIA ,Catherine
loveisen@hotmail.fr,LOVINY,Michele
jennyfer.g@free.fr,DURR,Jennyfer
dom.durr@me.com,DURR,Dominique
bryssineboris@gmail.com,BRYSSINE,Boris
siroboris@hotmail.fr,BRYSSINE,Sylvie
alain.catherine.perret@gmail.com,PERRET,Catherine 
alain.catherine.perret@gmail.com,PERRET,Alain
patrice.socquet-juglard@orange.fr,OURS,Geneviève
mabbouxpierre@orange.fr,MABBOUX,Pierre
herves.giraud@sfr.fr,GIRAUD,Hervé
celineandris74@hotmail.com,ANDRIS,Celine
beauquisjak@gmail.com,BEAUQUIS,Jacqueline
pierrebeauquis@hotmail.fr,BEAUQUIS,Pierre
laurent.socquet1@free.fr,SOCQUET,Laurent
christian.roussel4@wanadoo.fr,ROUSSEL,Christian 
daniel.michel22@free.fr,MICHEL,Daniel
anthony.laurin@orange.fr,LAURIN,Anthony
socquetmaximin@free.fr,SOCQUET-JUGLARD,Maximin
socquetmaximin@free.fr,SOCQUET-JUGLARD,Geneviève
veroniqueolivier1@yahoo.fr,OLIVIER,Veronique
daniellemm@windowslive.com,MARTIN,Danielle
pascal.pelletier56@sfr.fr,PELLETIER,Pascal
info@skiroyale.com,SMITH,Adam
anne@aallard.com,ALLARD,Antoine
anne@aallard.com,ALLARD,Anne
info@confidencecachemire.com,DEDIEU,Jean jacques
info@confidencecachemire.com,DEDIEU ROMAN,Patricia
mjfreiher@gmail.com,FREIHER,Marie josé
ppassarelle@mac.com,PASSARELLE,Patrick
ppassarelle@mac.com,PASSARELLE,Patricia
contact@vivremegeve.fr,DONTAIL,Jean luc
belle_isa_belle@hotmail.fr,BIMON,Isabelle
ka.tell@laposte.net,VILLEMINOT,Catherine
jeanmarc.villeminot@laposte.net,VILLEMINOT,Jean marc
contact@vivremegeve.fr,CHAVANNE,Thierry
colette.mollard@live.fr,MOLLARD,Colette
contact@vivremegeve.fr,MUFFAT-JOLY,Nicole
mn.encrenaz@gmail.com,ENCRENAZ,Marie-noel
majomi@free.fr,MILLET,Josiane
jacky.marincudraz@yahoo.fr,MARIN CUDRAZ,Jacques
yvettemabboux58@gmail.com,MABBOUX,Yvette
edithmj@orange.fr,MUFFAT-JOLY,Edith
tess.ambre@icloud.com,DUGENNE,Marie françoise
f.marillia@gmail.com,MARILLIA,Françoise
kristina.duvillard@wanadoo.fr,COVILI,Kristina
nannette60@yahoo.fr,BOMPARD,Annette
cbriollet@yahoo.fr,BRIOLLET,Colette
annierichardpersi@gmail.com,REY,Annie
david.coppex@gmail.com,COPPEX,David
huguesmethot@hotmail.com,METHOT,Hugues
laurence.fuess@gmail.com,COPPEX,Laurence
apertgrosset@aol.com,APERTET,Philippe
bourdieu.s@orange.fr,ROCH,Janine
isa.cattelin@gmail.com,CATTELLIN,Isabelle
philippe.gamblin@gmail.com,GAMBLIN,Philippe
peresotieu@outlook.fr,SOCQUET-CLERC,Didier
peresotieu@outlook.fr,SOCQUET-CLERC,Sandrine
danielpoujol@aol.com,POUJOL,Brigitte
guedj.annick@orange.fr,GUEDJ,Serge
guedj.annick@orange.fr,GUEDJ,Annick
laurence.fuess@gmail.com,COPPEX,Nathan
facochmeg@gmail.com,ORSET,Corinne
cellierp@free.fr,CELLIER,Pierre
morandsandrine209@sfr.fr,MORAND,Sandrine
maximearnod@gmail.com,ARNOD PRIN,Maxime
stephaniebreches@gmail.com,BRECHES,Stéphanie
s.dinet@sfr.fr,DINET,Sophie
jiguet.jacky@orange.fr,JIGUET,Jacques
elianejiguet@orange.fr,JIGUET,Eliane
jeanpierre.chatellard@sfr.fr,CHATELLARD,Jean-pierre
jeanpierre.chatellard@sfr.fr,CHATELLARD,Claire
anneetjc@hotmail.fr,MARTINEZ,Alexandre
christiane.mella@hotmail.fr,MELLA,Christiane
martinerouch@ymail.com,ROUCH,Martine
gerard.cauderay@orange.fr,CAUDERAY,Gerard
bonnet.josselin@sfr.fr,BONNET,Josselin
annie.revenaz@orange.fr,REVENAZ,Annie
claude.andreau@gmail.com,ANDREAU,Claude
colette.andreau@gmail.com,ANDREAU,Colette
bourdoncle.monique@orange.fr,BOURDONCLE,Monique
a.vouilloz@orange.fr,VOUILLOZ,Rene
a.vouilloz@orange.fr,VOUILLOZ,Denise
ets.vouilloz@wanadoo.fr,VOUILLOZ,Olivier
baezajosy23@gmail.com,BAEZA,Josiane
gribouillismegeve@gmail.com,MELLA,Carole
silvana.mazzarotto@orange.fr,MAZZAROTTO,Silvana
anaiskatia@gmail.com,STEINER,Katia
broussous.dominique@neuf.fr,BROUSSOUS,Genevieve
acotel@club-internet.fr,COTEL,André
acotel@club-internet.fr,COTEL,Liliane
jp.rider@gmail.com,CHATELLARD,Jean pascal
catherine.bonnet@gmail.com,BONNET,Catherine
nicolaslaborde@hotmail.com,LABORDE,Nicolas
jeep06@live.fr,GILLARD,Stephane
meg261260@gmail.com,GIGUET,Carole
thierrymegeve@gmail.com,MOREAU,Thierry
martinecattelin@gmail.com,CATTELLIN,Martine
yvon.gaubicher@orange.fr,GAUBICHER,Colette
christopheberod@yahoo.fr,BéROD,Christophe
groult.daniel@gmail.com,GROULT,Daniel
emmastan333@gmail.com,GIRAUD,Emmanuelle
c.groult2@wanadoo.fr,GROULT,Claire
fanny.groult90@gmail.com,GROULT,Fanny
mfrossetti89@orange.fr,ROSSETTI,Marie-françoise
chrismaillet@aol.com,MAILLET CONTOZ ,Christiane
contact@vivremegeve.fr,PILLOT,Françoise
rolandepaget@orange.fr,PAGET,Rolande
michel.beltrame74@gmail.com,BELTRAME,Michel
srivallin@hotmail.fr,RIVALLIN,Stéphane
ludmila.jourdhuy@laposte.net,DUBROVIN JOURD'HUY,Ludmila
mh-chassagne@wanadoo.fr,CHASSAGNE,Hugues
laurent.winkelmann@bluewin.ch,WINKELMANN,Francine
fuxcartoon@free.fr,FUGIER,Francois
frederik@haarman.ch,HAARMAN,Christoffel frederik
nathalie@haarman.ch,HAARMAN,Nathalie
julien.distel@gmail.com,DISTEL,Julien
g.raffin@goldenrace.fr,RAFFIN LUXEMBOURG,Georges
yvon.gaubicher@orange.fr,GAUBICHER,Yvon
grillonandco@gmail.com,GRILLON,Stéphane
fabien.nomdedeu@free.fr,NOMDEDEU,Fabien
anne.soussand@gmail.com,SOUSSAND,Anne
pierre.soussand@sfr.fr,SOUSSAND,Pierre
emichlo@yahoo.fr,ALLARD,Françoise
gilles.mahon@notaires.fr,MAHON,Gilles
jolyvon@gmail.com,JOLY POTTUZ,Yvonne
valerie.battendier@live.fr,BATTENDIER,Valérie
bpdherin@gmail.com,D'HERIN,Pierre
bpdherin@gmail.com,D'HERIN,Brigitte
yellowjul@hotmail.com,FUGIER,Juliette
duviranch@gmail.com,DUVILLARD,Eva
laulau42@laposte.net,HUMBERT,Laurent
julyduv@aol.com,DUVILLARD,Julie
k.bostyn@noos.fr,BOSTYN,Karine
k.bostyn@icloud.com,BOSTYN,Florian
s.bostyn@noos.fr,BOSTYN,Stephane
k.bostyn@noos.fr,BOSTYN,Clement
veronique.touret@wanadoo.fr,TOURET,Veronique
csenac74@orange.fr,SENAC,Christine
isenac74@orange.fr,SENAC,Isabelle
bruno.paget@bbox.fr,PAGET,Bruno
nathalie.paget@bbox.fr,PAGET,Nathalie
etiennedeprecigout@sfr.fr,DE PRECIGOUT,Etienne
lionel.direz@wanadoo.fr,DIREZ,Lionel
frederic.ff@orange.fr,FAVRE-FELIX,Frederic
favre.therese@orange.fr,FAVRE-FELIX,Therese
angeliquelola.garcia@gmail.com,GARCIA,Angélique
famille.socquet@wanadoo.fr,SOCQUET,Pascal
christian.revenaz@orange.fr,REVENAZ,Christian
cvouillon@wanadoo.fr,VOUILLON,Claude
cvouillon@wanadoo.fr,VOUILLON,Chantal
sigaud.frederic@orange.fr,SIGAUD,Frederic
sigaud.frederic@orange.fr,SIGAUD,Daliny
ar.mouries@orange.fr,MOURIES,Arlette
pascal.taliercio@yahoo.fr,TALIERCIO,Pascal
mverochauvin@yahoo.fr,CHAUVIN,Marie-Véronique
fabienneduc@yahoo.fr,DUC,Fabienne
jeanluc.million@gmail.com,MILLION ,Jean-luc
maryse.avril@numericable.fr,AVRIL,Maryse
maroussia.wilquin@wanadoo.fr,WILQUIN,Maroussia
vidalpaul@sfr.fr,VIDAL,Paul
auberjeanpierre40@gmail.com,AUBER,Jean-pierre
gillesdesombre@aol.com,DESOMBRE,Gilles
lalodesombre@aol.com,DESOMBRE,Charlotte
muzard.michel@wanadoo.fr,MUZARD,Michel
j.biollaz@wanadoo.fr,MUZARD,Juliette
gm.mouries@orange.fr,MOURIES,Georges michel
beillard.carole@gmail.com,BEILLARD,Carole
mollard7@gmail.com,MOLLARD,Segolene
francoise.auban@free.fr,AUBAN,Françoise
tissot1640@gmail.com,TISSOT,Marie-claude
maxime.bobbia@wanadoo.fr,BOBBIA,Maxime
apouyat@wanadoo.fr,POUYAT,Anna juliette
chr.vandenhende@orange.fr,VANDEN HENDE,Christine
chr.vandenhende@orange.fr,VANDEN HENDE,Philippe
patrickazzolin@wanadoo.fr,AZZOLIN ,Patrick 
cabrosier@gmail.com,ROSIER,Thierry
sergebrangi@gmail.com,BRANGI,Serge
annieazzolin@gmail.com,AZZOLIN,Annie
nathaliebrangi@gmail.com,BRANGI,Nathalie 
sophie.servettaz@free.fr,SERVETTAZ,Sophie
alp.hotel@wanadoo.fr,MARION,Olivier
architecture770@orange.fr,ALLARD ,Marie
madeleine.berod@orange.fr,BEROD,Madeleine
pe@desouzy.com,DE SOUZY,Pierre-edouard
cdesouzy@axcio.fr,DE SOUZY,Caroline
co.grangeon@gmail.com,GRANGEON,Corinne
anne.mermier@gmail.com,MERMIER ,Anne
frederic.ducdodon@ici-et-maintenant.com,DUC DODON,Frédéric
sophie@ici-et-maintenant.com,DUC DODON,Sophie
sophie.servettaz@free.fr,SERVETTAZ,Patrick
jeanmarc.garelgalais@gmail.com,GAREL-GALAIS,Jean-marc
arlettegarel@gmail.com,GAREL-GALAIS,Marie-arlette
bouvetagnes@gmail.com,BOUVET,Agnes
apertgrosset@aol.com,APERTET,Danielle
pa.gradelperso@outlook.fr,GRADEL,Pierre-alex
francois.chardiny@milliery-cleanair.com,CHARDINY,François
valerie.sv@wanadoo.fr,MAILLET CONTOZ,Jacqueline
valerie.sv@wanadoo.fr,GROULET,Alexandre
smarieodile@gmail.com,ROCHE,Marie odile
sophie.gaiddon@free.fr,BORRAS,Sophie
gerardissaly@hotmail.fr,ISSALY,Gérard
richalet.olivier@orange.fr,RICHALET,Olivier
richalet.olivier@orange.fr,RAVENEL,Pascale
eypert@icloud.com,EYPERT,Emmanuelle
rserpollet@yahoo.fr,SERPOLLET,Robert
marcodema100@gmail.com,DE MARTINI,Marco
jiguetmichel@yahoo.fr,JIGUET JIGLAIRAZ,Michel
frederic.ff@orange.fr,FAVRE-FELIX,Theo
pierrereneworms@gmail.com,RENE-WORMS,Pierre
christelle.brouchoud@hotmail.com,BROUCHOUD,Christelle
horaciolabamba@orange.fr,GARCIA,Samuel
horaciolabamba@orange.fr,GARCIA,Maryline
mirouvido@gmail.com,TISSOT,Marylene
sandrinejanet@orange.fr,JANET MANAS,Sandrine
nicburtin@aol.com,BURTIN,Nicolas
tissot51@msn.com,TISSOT,Lydie
facochmeg@gmail.com,ORSET,Daniel
ljmp.maillard@orange.fr,MAILLARD,Laurent
c.russignaga@free.fr,RUSSIGNAGA,Charles
christelle.muffat@laposte.net,MUFFAT-JOLY,Christelle
sophie.blanchin@yahoo.fr,BLANCHIN,Sophie
michele.orset@orange.fr,ORSET,Michèle
sabine.forlin@orange.fr,FORLIN,Sabine
youl5@hotmail.com,MORAND,Julie
Sophgaiddon@gmail.com,GAIDDON,Sophie 
ch.muffat@outlook.fr,MUFFAT MERIDOL,Christophe
tenirep@live.fr,PERINET ,Andre 
christophe.bougault-grosset@megeve.fr,BOUGAULT,Christophe
rey.dany@orange.fr,REY,Michèle
jopierre66@orange.fr,REILLE,Pierre
jopierre66@orange.fr,REILLE,Josette
fredzio@orange.fr,FRED,Laurenzio
dombeaudlm@yahoo.com,BEAUDOIN,Dominique
mariesargian.tm@wanadoo.fr,SARGIAN,Marie
isabel.prezioso@laposte.net,PREZIOSO,Isabel
glob74@hotmail.fr,PERINET,Elisabeth
fredzio@orange.fr,DUMONT,Bea
jean-joseph.marin@orange.fr,MARIN,Joseph
jean-joseph.marin@orange.fr,MARIN,Véronique
odile.socquet@orange.fr,SOCQUET JUGLARD,Odile
jeanmiderobert@gmail.com,DEROBERT,Jean michel
cderobert@sfr.fr,DEROBERT,Catherine
martinjoumel@gmail.com,JOUANNIC,Martin
deborah.mm@hotmail.fr,MUFFAT-MÉRIDOL,Déborah
pgu74120@gmail.com,GUEDON,Patricia
odile-giey@orange.fr,GIEY,Odile
ugoberengere12@gmail.com,UGO,Bérengère
sophie.andine@hotmail.fr,ANDINE,Sophie
abertholier@monaco.mc,BERTHOLIER,Andre
loveisen@hotmail.fr,LOVINY,Bernard
marcel.hascoet@gmail.com,HASCOET,Marcel
julie.bordez@quechua.com,BORDEZ,Julie
ligeonvalerie@hotmail.fr,LIGEON,Valérie
antoninallard@gmail.com,ALLARD,Antonin
alain.remy.jullian@gmail.com,JULLIAN,Alain
ideeconseil@aol.com,BAR,Jean-louis
alain-joelle.lamothe@orange.fr,LAMOTHE,Alain
alain-joelle.lamothe@orange.fr,LAMOTHE,Joëlle
sylvie@aallard.com,ALLARD,Sylvie
romuald.reydet@orange.fr,REYDET ,Romuald 
romuald.reydet@orange.fr,REYDET,Emma
lassiaz.b@gmail.com,LASSIAZ,Brigitte
sylvie.genillon@wanadoo.fr,GENILLON FRICOTELLE ,Sylvie
hensinger.herve@yahoo.fr,HENSINGER,Herve
colperez2005@yahoo.fr,PEREZ,Colette
seigneurfrancoise@hotmail.fr,SEIGNEUR,Francoise
feige-anne-lise@hotmail.fr,FEIGE,Anne-Lise 
chmonaco73@yahoo.fr,MONACO,Christophe
blochjo@orange.fr,BLOCH,Alain
pascale5857@gmail.com,SOCQUET-CLERC,Pascale 
nicolas.poujol8@gmail.com,POUJOL,Nicolas
franckdetais@gmail.com,DETAIS,Franck
jpa@aallard.com,ALLARD,Jean paul
madojack74120@yahoo.fr,MOPTY,Jacques
madojack74120@yahoo.fr,MOPTY,Madeleine
clodaro@wanadoo.fr,ROULLEAU,Claude-alain
sophie74120@yahoo.fr,SARRAU,Sophie
jm.cho@orange.fr,CHOMIENNE,Jean-marc
daniele.bermejo@gmail.com,BERMEJO HUARTE,Daniele
dul.emilie@gmail.com,DULONG,Emilie
jmboan@agenceboan.com,BOAN MARTINEZ,Isabelle 
katimiche@gmail.com,MAURIN,Katia
gaby.mollier@wanadoo.fr,MOLLIER,Pascale
maryse.tissot@wanadoo.fr,TISSOT,Maryse
mnj.rech@gmail.com,RECH,Nadege
orsini.janique@hotmail.fr,ORSINI,Janique
fabiennehans@orange.fr,HANS,Fabienne
elyne.mestrallet@gmail.com,MESTRALLET,Elyne
chgoasdoue@gmail.com,GOASDOUE,Christelle
valletjacky@orange.fr,VALLET,Monique
marysesocquetclerc@sfr.fr,SOCQUET-CLERC,Suzanne
jfrancoa@numericable.fr,AUBRY,Raphaelle
lecordierw@free.fr,LECORDIER,Michèle 
agnes@agnes-serra.com,SERRA,Agnès
marie-mad.dupasquier@wanadoo.fr,DUPASQUIER,Marie-madeleine
jpierre.dupasquier@gmail.com,DUPASQUIER,Jean-pierre
francoiseemonet@yahoo.fr,EMONET,Françoise
elie.zampin@bbox.fr,ZAMPIN,Elie
vieuxsphinx@gmail.com,AUBRY,Jean françois
guillaume_amandine@yahoo.fr,COCHAT,Amandine
guillaume.cochat@gmail.com,COCHAT,Guillaume
grillonandco1@gmail.com,GRILLON,Catherine
ingridathome@outlook.com,WALOFF,Ingrid
Any.faudet@orange.fr,FAUDET,Annie
guycrofts@btinternet.com,CROFTS,Guy
guycrofts@btinternet.com,CROFTS,Judith
david.webb1810@icloud.com,WEBB,David
felimira@wanadoo.fr,GROSSET-GRANGE,Felicia
drciancaleoni@gmail.com,CIANCALEONI,Gil
clau.60.cc@gmail.com,CIANCALEONI,Claudine
floriane.piras@orange.fr,PIRAS,Floriane
y.ciais@orange.fr,CIAIS,Yves
contact@vivremegeve.fr,MISSU,Michele
mestrallet.elec.bat@wanadoo.fr,MESTRALLET,Marc
yves74120@yahoo.fr,SARRAU,Yves
laurentfromant@aol.com,FROMANT,Laurence
sernoir@gmail.com,SERVANT,Christine
dutray@orange.fr,DUTRUEL,Marie-Thérèse
veronique.pradel0522@orange.fr,PRADEL,Veronique 
marie-laure.olivier@wanadoo.fr,OLIVIER,Marie-laure
sylviane.gaiddon@sfr.fr,GAIDDON,Sylviane
lea.avert@live.fr,AVERT,Lea
christinesocquet@hotmail.fr,SOCQUET-CLERC,Christine
monique.perinet@orange.fr,PERINET,Monique
dr.pfournier@free.fr,FOURNIER,Patrick
guillaume_amandine@yahoo.fr,COCHAT,Margaux
gerardbardavid@gmail.com,BARDAVID,Gerard
al.joliat@bluewin.ch,JOLIAT,Alain
al.joliat@bluewin.ch,JOLIAT,Elvire
denisspahni@bluewin.ch,SPAHNI,Denis
denisspahni@bluewin.ch,SPAHNI,Gilberte
bm@mcm-inter.com,MOULIN,Bernard
mck.moulin@gmail.com,MOULIN,Marie-christine 
abieler@orange.fr,BIELER,Patricia
david.webb1810@icloud.com,WEBB,Karen
david.webb1810@icloud.com,WEBB,Joseph
pe@desouzy.com,DE SOUZY,Stanislas
pe@desouzy.com,DE SOUZY,Eve
pe@desouzy.com,DE SOUZY,Jade
vincent.remy.01@gmail.com,REMY,Vincent
fabiennehans@orange.fr,HANS,Eric
sylviane.seraudie023@orange.fr,SERAUDIE,Sylviane
tannerjane@live.com,TANNER,Jane
tannersteve@live.co.uk,TANNER,Stephen
aude.red@wanadoo.fr,REDOLFI-RIVA,Aude
edithtissot74@gmail.com,TISSOT,Edith
dieudonne.clement@gmail.com,DIEUDONNE,Clément
simon.lieury@gmail.com,LIEURY,Simon
car.bolognini@gmail.com,BOLOGNINI,Carole
mdjelloul@free.fr,DJELLOUL,Marc
cath.djelloul@gmail.com,DJELLOUL,Catherine
cmllucky3@aol.com,BAPTENDIER,Marie laure
jpkornmann@free.fr,KORNMANN,Jean-philippe
beakornmann@free.fr,KORNMANN,Béatrice
geydomi@gmail.com,GEY,Dominique
f.avril2@numericable.com,AVRIL,François
peray@wanadoo.fr,PERAY,Daniel
ka.daphne@cegetel.net,ALLARD,Karine
labordemichel@ymail.com,LABORDE,Claude michel
pierre.lemerre@numericable.fr,LEMERRE DESPREZ,Pierre
rpinera@gmail.com,PINERA,Raul
rpinera@gmail.com,COLL,Joana
fabienperrin@cuisines-perrin.com,PERRIN,Fabien
jean-marc-decaillet@orange.fr,DECAILLET,Jean-marc
odile.jaboulet@wanadoo.fr,JABOULET,Odile
marie.djelloul@gmail.com,DJELLOUL,Marie
adrien.marin93@gmail.com,MARIN ,Adrien 
chrismaillet@aol.com,SCHIMMEL,Rémy
thomas_fontaine@me.com,FONTAINE,Thomas
michele_candolfi@yahoo.fr,CANDOLFI,Michelle
sophie.blanchin@yahoo.fr,ROBIN,Nathan
cfevre@institutpaulbocuse.com,FEVRE,Caroline
mlredolfi@wanadoo.fr,REDOLFI-RIVA,Marie-laure
cournon@gmail.com,REMY DE COURNON,Edouard
cassou.decournon@gmail.com,REMY DE COURNON,Cassandre
cournon@gmail.com,REMY DE COURNON,Flore
xcournon@orange.fr,REMY DE COURNON,Xavière
ravier.carole@orange.fr,RAVIER,Carole
gustave.jourdan@sentinelprotection.ch,JOURDAN,Gustave
gisele.perinet@sfr.fr,PERINET,Gisèle
kitchan74@gmail.com,FEIGE,Chantal
v.asplet@gmail.com,ASPLET,Franck
v.asplet@gmail.com,ASPLET,Virginie
sylvie.genillon@wanadoo.fr,GENILLON FRICOTELLE,Jean pierre 
helene.baldy74@orange.fr,BALDY,Helene
alain.samson@bluewin.ch,SAMSON,Alain
csamson52@gmail.com,SAMSON,Catherine
marieali@orange.fr,ALIBERT,Marie claude
j-claude.alibert@wanadoo.fr,ALIBERT,Jean claude
laurence.rossetti0558@orange.fr,ROSSETTI,Laurence
melanie.boehm@hotmail.fr,BOEHM,Melanie
audrey.flesch@gmail.com,FLESCH,Lucienne
sandradeguerre@gmail.com,DE GUERRE,Alexandra
jacques.bazaille@gmail.com,BAZAILLE ,Jacques 
rsocquet.megeve@orange.fr,SOCQUET-CLERC,René
elisabethmerceron@yahoo.fr,MERCERON GAMOND,Elisabeth
caroleblanchet@hotmail.com,BLANCHET,Carole
jaillet.daniel74@orange.fr,JAILLET,Daniel
rochaemilie00@gmail.com,ROYET,Emilie
murielmanassero@gmail.com,MANASSERO,Muriel
yvette.buet@me.com,BRUNET BUET,Yvette
loladny39@gmail.com,DONOYAN,Lola
ph.ouvrierbuffet@orange.fr,OUVRIER BUFFET,Isabelle
gabinsocquet74@icloud.com,SOCQUET-CLERC,Gabin
premy@snf.fr,REMY,Pascal
pascale@collagescollection.com,REMY,Pascale
michelpmeyer@gmail.com,MEYER,Michel
amykmeyer@yahoo.com,MEYER,Amy
m.guerrini@guerriniholding.com,MASSIMO,Guerrini
m.guerrini@guerriniholding.com,PAOLA,Guerrini
mahon74@orange.fr,MAHON,Béatrice
fulachan2@gmail.com,PESSARD,François
brigittechalon@hotmail.fr,ROUBERT,Christiane
tom.1997@live.fr,CORMIER,Tom
guillaume_amandine@yahoo.fr,COCHAT,Sixtine
guillaume.gruwez@orange.fr,GRUWEZ,Guillaume
eric.berger172@gmail.com,BERGER,Eric
oliviermeyer7@gmail.com,MEYER,Marianne
oliviermeyer7@gmail.com,MEYER,Olivier
mariannedejourcey@gmail.com,BERGER,Marianne
oliviermeyer7@gmail.com,MEYER,Benjamin
oliviermeyer7@gmail.com,MEYER,Sacha
bgodet@cabinetgodet.com,GODET,Bertrand
carogodet@gmail.com,GODET,Caroline
carogodet@gmail.com,GODET,Alice
carogodet@gmail.com,GODET,Marin
jeanpaulgaubert@yahoo.fr,GAUBERT,Jean-paul
sf.xyz@free.fr,FRANK,Serge
odile.socquet@orange.fr,SOCQUET JUGLARD,Jean-luc
jpcapony.sylvie@wanadoo.fr,CAPONY,Jean-pierre
jpcapony.sylvie@wanadoo.fr,CAPONY,Sylvie
marie.mouktar@gmail.com,MOUKTAR,Marie
a.blanchet74@hotmail.fr,BLANCHET,Annie
cezanne.camille.cc@gmail.com,CEZANNE,Camille
letiziadupont@yahoo.it,LALLEMAND,Laetitia
neyretpascale@gmail.com,NEYRET,Pascale
severineperinet@gmail.com,PERINET,Severine
marc-pelloux@orange.fr,PELLOUX,Marc
florian.verret@gmail.com,VERRET,Florian
dinet.michel@gmail.com,DINET,Michel
helene.chaleat@orange.fr,CHALEAT,Helene
francoise.forot@abylone.fr,FOROT ,Françoise 
francoise.forot@abylone.fr,EMERY ,Philippe 
christianbaptendier@yahoo.fr,BAPTENDIER ,Christian
danielmathien8@gmail.com,MATHIEN,Patricia
ecamus@lepoint.fr,CAMUS,Erwana
cath.jullien@wanadoo.fr,JULLIEN,Catherine
cath.jullien@wanadoo.fr,JULLIEN,Georges
nicolesauzet74@gmail.com,SAUZET,Nicole
nicolesauzet74@gmail.com,SAUZET,Francis
christian.roussel4@wanadoo.fr,ROUSSEL,Anne
p_lhomme@hotmail.com,LHOMME,Philippe
sajaman@live.fr,BROUSSE,Mathieu
naman.ella@gmail.com,NAMAN,Ella
ip.dumas@free.fr,DUMAS,Isabelle
marc.maso@wanadoo.fr,MASO,Jeremy
phjbouchet@yahoo.fr,BOUCHET,Philippe
annick.laprun@orange.fr,LAPRUN MALVEZIN,Annick
diflipo@nordnet.fr,FLIPO,Didier
frederic.azzolin@sfr.fr,AZZOLIN,Sophie
christel.costa@yahoo.fr,COSTA,Christelle
btf24@outlook.fr,TISSOT,Blandine
natachacha.np@gmail.com,PERCIK,Natacha
blandineperinet@hotmail.com,PERINET,Blandine
alp.hotel@wanadoo.fr,MARION,Charly
goisbault.hugues@gmail.com,GOISBAULT,Hugues
davcharre1@gmail.com,CHARRE,David
olerbret@gmail.com,LERBRET,Olivier
sm.cheuzeville@yahoo.fr,CHEUZEVILLE,Sylvie
e.pinton@wanadoo.fr,PINTON,Eric
martin.normand74@gmail.com,NORMAND,Martin
bottollier.adeline@gmail.com,BOTTOLLIER-DEPOIS,Adeline
p.goepfer@free.fr,GOEPFER,Patrice
yves.lambrey@orange.fr,LAMBREY,Yves
yves.lambrey@orange.fr,LAMBREY,Evelyne
antoine@dinichert.com,DINICHERT,Antoine
antoine@dinichert.com,DINICHERT,Constanza
antoine@dinichert.com,DINICHERT,Mélia
antoine@dinichert.com,DINICHERT,Paris
antoine@dinichert.com,DINICHERT,Dorian
cwssxm@caribserve.net,SAINT SEVER,Didier
bernardpk1@hotmail.com,KUMMER,Bernard
navarro.daniel77@yahoo.fr,NAVARRO,Daniel
navarro.daniel77@yahoo.fr,NAVARRO,Annie
navarro.daniel77@yahoo.fr,NAVARRO,Marion
navarro.daniel77@yahoo.fr,NAVARRO,Remi
jerome.muffat@coppelmaintenance.fr,MUFFAT,Jerome
jeandidierchazal@gmail.com,CHAZAL,Jean
amforner49@gmail.com,HATTINGOIS-FORNER,Anne-marie
hattingois-forner@wanadoo.fr,HATTINGOIS-FORNER,François
gerard.cauderay@wanadoo.fr,LEPINAY CAUDERAY,Dominique
sophie74120@gmail.com,SARRAU,Dimitri
pierrette.morand@orange.fr,MORAND,Pierrette
rival.muriel@gmail.com,SAINTSEVER,Muriel
celineandris74@hotmail.com,PERRIN,Maylie
flo.jca@orange.fr,ALFONSI,Florence
flo.jca@orange.fr,ALFONSI,Jean-charles
henry.fjc@orange.fr,HENRY,Frédérique
ch_bulliard@icloud.com,BULLIARD,Christian 
marceline.guerlot@gmail.com,GUERLOT,Marceline
alexdebon@aol.com,DEBON,Alexandra
arthurcorretel@gmail.com,CORRETEL,Julien-arthur 
arthurcorretel@gmail.com,CORRETEL,Alexandra
arthurcorretel@gmail.com,CORRETEL,Martin
arthurcorretel@gmail.com,CORRETEL, victor 
valduclos74@gmail.com,DUCLOS ,Valerie
t.helbert@wanadoo.fr,HELBERT,Thierry
siraola40@gmail.com,IRAOLA,Stephane
mjevann@yahoo.fr,IRAOLA,Marie
apatrigeon@yahoo.fr,PATRIGEON,Anne
moniqueevrard@gmail.com,EVRARD,Monique
rogerbonnamour@yahoo.fr,BONNAMOUR,Roger
ipgb@hotmail.fr,GROSSET-BOURBANGE,Pierre
anne.michaud@neuf.fr,MICHAUD,Anne
rouach@free.fr,ROUACH,Emmanuelle
carolinefontan@hotmail.com,FONTAN,Caroline
pepettefred74@gmail.com,LAFARGE,Valerie
louiset.jean-pierre@wanadoo.fr,LOUISET,Jean pierre
menasse.audrey@hotmail.fr,MENASSE,Audrey
menasse.audrey@hotmail.fr,BERSET,Laurent
menasse.audrey@hotmail.fr,BERSET,Daphne
menasse.audrey@hotmail.fr,BERSET,Elliot
menasse.audrey@hotmail.fr,BERSET,Achille
martinebonnamour@yahoo.fr,BONNAMOUR,Martine
fasocquet@hotmail.fr,MERIEUX-BALAY,Victoire
locations@agenceboan.com,SAGE-SUBIT,Stéphanie
daniel.boiteux@neuf.fr,BOITEUX,Daniel
mh-chassagne@wanadoo.fr,CHASSAGNE,Emilienne
jacques.corbet@wanadoo.fr,CORBET,Jacques
jacques.corbet@wanadoo.fr,GIBERT,Marie  christine
perronbonnefoy@gmail.com,PERRON,Herve
josianebloch@yahoo.fr,BLOCH,Josiane
4monie@orange.fr,MONIE,Rene
rogerciais2@gmail.com,CIAIS,Roger
rogerciais2@gmail.com,CIAIS,Christiane
olympe.lallemand@gmail.com,LALLEMAND,Olympe
gonzigue@gmail.com,GONDANGE,Michel
philippe.vincent@phv.fr,VINCENT,Philippe
christine.vincent01@orange.fr,VINCENT,Christine
alexandre@soubira.com,SOUBIRA,Alexandre
rousselcathy74@gmail.com,ROUSSEL,Catherine
bevilis.jacky@neuf.fr,BEVILIS,Jacky
bevilis.jacky@neuf.fr,BEVILIS,Guylaine
pascaledufour-besson@orange.fr,DUFOUR,Pascale
nicolas.christophe.dufour@orange.fr,DUFOUR,Nicolas
eric.chaton23@gmail.com,CHATON,Eric
philippe@31mars.com,GAUTHIER,Philippe
pierre.cazemajoux@gmail.com,CAZEMAJOUX ,Pierre 
graham@wellesley.co.uk,WELLESLEY,Graham
patricia.utz@gmail.com,UTZ,Patricia
maxime.bobbia@wanadoo.fr,REBBOAH,Jennifer
maxime.bobbia@wanadoo.fr,BOBBIA,Karl maxence
maxime.bobbia@wanadoo.fr,BOBBIA,Emma
shopoliu@gmail.com,UTZ,Olivier
laurent@scharapan.com,SCHARAPAN,Laurent
pascaline@scharapan.com,SCHARAPAN,Pascaline
mms325@miami.edu,SCHARAPAN,Marie
ed@donorio.com,D'ONORIO DI MéO,Eve
patrickbonnefis@gmail.com,BONNEFIS ,Patrick
j.bonnefis@laposte.net,BONNEFIS,Jeanine
martine.feige@gmail.com,FEIGE ,Martine 
armellechalvin@cocoricom.com,CHALVIN,Guillaume
armellechalvin@cocoricom.com,CHALVIN,Louis
armellechalvin@cocoricom.com,CHALVIN,Armelle 
jmcelsa@yahoo.fr,CELSA,Jean-marc
fblyon74@gmail.com,BORDERY,Francoise
alain.eymery@wanadoo.fr,EYMERY,Alain
mariefrance.eymery@gmail.com,EYMERY,Marie france
mriejosechatellard@gmail.com,CHATELLARD,Marie-jose
maryse.tissot@wanadoo.fr,TISSOT,Robert
deborahgew@hotmail.fr,GEWINNER,Deborah
corine.meunier74@gmail.com,MEUNIER,Corine
corine.meunier74@gmail.com,MEUNIER,Hubert
gaby74120@gmail.com,CHATELLARD,Gabriel
huyghe.eric@neuf.fr,HUYGHE,Christine
cathy.mestrallet@gmail.com,MESTRALLET,Catherine
brunodufour69@orange.fr,DUFOUR,Bruno
brunodufour69@orange.fr,DUFOUR,Carole
louisbapt@icloud.com,BAPTENDIER,Louis
maximebapt@icloud.com,BAPTENDIER,Maxime
giacalone.frederic@orange.fr,GIACALONE,Frederic
mfeige@wanadoo.fr,BONNEY-FEIGE,Madeleine
patricia.chantry@gmail.com,FLAURAUD,Patricia
olaf.lugard@gmail.com,LUGARD,Olaf
patrice.socquet-juglard@orange.fr,SOCQUET-JUGLARD,Patrice
jany.duchene@free.fr,DUCHENE,Jany
lyd.morand@gmail.com,MORAND,Lydie
alix.ld@hotmail.fr,LEFEBVRE,Alix
annelaurecoates@gmail.com,COATES,Anne-laure
thomas_fontaine@me.com,FONTAINE,Marlow
thomas_fontaine@me.com,FONTAINE,Sienna
didierpenneroux@gmail.com,PENNEROUX,Didier
sylviepenneroux@gmail.com,PENNEROUX,Syvie
cb2222@hotmail.fr,CENDAN,Roselyne
g.carpe@cegequip.fr,CARPE,Gregory
olivier.monti@gmail.com,MONTI,Olivier
toussaint2@bbox.fr,TOUSSAINT,Pascal
toussaint2@bbox.fr,TOUSSAINT,Christine
renee.bernaz@sfr.fr,BERNAZ,Renée
marie.barone@gmx.fr,BARONE,Marie
marie.barone@gmx.fr,BARONE,Henri
b.menicucci@wanadoo.fr,MENICUCCI,Bruno
elisabethmenicucci@orange.fr,MENICUCCI,Elisabeth
pierrepersonnat@gmail.com,PERSONNAT,Pierre
cpersonnat@gmail.com,PERSONNAT,Catherine
greg.nski@gmail.com,NINIEWSKI,Gregory
phbriday@gmail.com,BRIDAY,Philippe
phbriday@gmail.com,BERTRAND,Frédérique
odechamproux@gmail.com,GOLLIAUD DE CHAMPROUX,Olivier
mhdechamproux@hotmail.com,GOLLIAUD DE CHAMPROUX,Marie-hélène
etiennedeprecigout@sfr.fr,DE PRECIGOUT,Edith
claude.morgenthaler@wanadoo.fr,MORGENTHALER ,Claude 
christiane.morgenthaler@wanadoo.fr,MORGENTHALER,Christiane
alain.andrieu11@wanadoo.fr,ANDRIEU DE GEOFFROY,Alain
spelayo@cegetel.net,PELAYO,Sylvie
jfgv74@orange.fr,VIVIN,Jean
danielbriollet74@gmail.com,BRIOLLET,Daniel
leguidos@hotmail.com,MORAND,Cédric 
atulliez@gmail.com,TULLIEZ,Astrid
pierre.yves.magnien@gmail.com,MAGNIEN,Pierre-yves
ohannessianfan@gmail.com,OHANNESSIAN,Walter
ohannessianfan@gmail.com,OHANNESSIAN,Florence
marisarecalde@orange.fr,RECALDE SUAR,Marisa
mattesuar@gmail.com,SUAR,Matteo
benjaminvakanas37@yahoo.fr,VAKANAS,Benjamin
lesfloconsdeneige@orange.fr,DUCRUET,Francoise
amelie.jean.justin@orange.fr,STIERLE,Amélie-fleurie
mc.vivin@orange.fr,VIVIN,Marie-christine
patriat@free.fr,PATRIAT,Nicole
karine_ricard@yahoo.com,RICARD,Karine
emildapinton@orange.fr,PINTON,Emilda
gnpretot@orange.fr,PRETOT,Marie
louissimoncornali@gmail.com,CORNALI,Louis-simon
jeanpaultissot@hotmail.fr,TISSOT,Jean-paul
VCHATELAIN@MONACO.MC,CHATELAIN ,Valeria
bataillee@wanadoo.fr,BATAILLE,Eric
bataillee@wanadoo.fr,BATAILLE,Catherine
mireille.martial07@gmail.com,MARTIAL,Mireille
cedperinet@gmail.com,PERINET,Cedrick
ckeym74@hotmail.com,COQUELET,Julien
jacquesbezy74@gmail.com,BEZY,Jacques
seblinerenaud@gmail.com,RENAUD,Line
sylvieserio61@gmail.com,SERIO,Sylvie
df.chatard@sfr.fr,CHATARD,Daniel
df.chatard@sfr.fr,CHATARD,Francoise
megeve.quin@gmail.com,QUIN,Bernard
megeve.quin@gmail.com,QUIN,Isabelle
olivier.monti@gmail.com,MONTI,James
olivier.monti@gmail.com,MONTI,Silva
stesslan@hotmail.fr,LANOTTE,Stessy
legrix.marie@orange.fr,LEGRIX,Marie
olivier@bachet.eu,BACHET,Olivier
ishizaki@satsuki.eu,ISHIZAKI ,Tatsuya 
thomas.fontaine@reyl.com,FONTAINE,Indigo james
m.maulini@live.fr,MAULINI,Mario
chamardadeline@gmail.com,CHAMARD,Adeline
pouzethugues@gmail.com,POUZET,Hugues
pharmaciedelatour.megeve@gmail.com,CHAMARD,Hugo
pascalepouzet@orange.fr,POUZET,Pascale
jmrdurand@gmail.com,DURAND,Jean-michel
celine_borel@yahoo.com,BOREL,Céline
alecrivain@hotmail.com,LECRIVAIN,Alban
emilielecrivain@hotmail.com,LECRIVAIN,Emilie
francoise.decroux@bluewin.ch,DECROUX,Françoise
francis.mathevon@orange.fr,MATHEVON,Francis
cath.goepfer@free.fr,GOEPFER,Catherine
f.casta@neuf.fr,CASTANEDA,Frederic
benoittouzet@sfr.fr,TOUZET,Benoit
nicole.touzet1952@gmail.com,TOUZET,Nicole
sebastien@boutique-defile.com,BODARD,Sebastien
sebastien@boutique-defile.com,BODARD,Dominique
laperrousaz.xavier@orange.fr,LAPERROUSAZ,Xavier
laperrousaz.xavier@orange.fr,LAPERROUSAZ,Amaury
laperrousaz.xavier@orange.fr,LAPERROUSAZ,Louise
laperrousaz.xavier@orange.fr,LAPERROUSAZ,Charlotte
julien.cachia@orange.fr,CACHIA,Julien
cachiafanny@gmail.com,CACHIA,Fanny
odile-pelloux@orange.fr,PELLOUX,Odile
Lorraineflipo@gmail.com,FLIPO,Jeanne lorraine
burgener.sebastian@gmail.com,BURGENER,Sebastian
frescheville.c@free.fr,DE FRESCHEVILLE ,Adrien
frescheville.c@free.fr,DE FRESCHEVILLE ,Christian 
frescheville.c@free.fr,DE FRESCHEVILLE ,Alexandra
frescheville.c@free.fr,DE FRESCHEVILLE ,Gabriel
sebastien@boutique-defile.com,LéPINE BODARD,CLAUDINE
pnogier@gmail.com,NOGIER,Philippe
sarah.nogier@gmail.com,NOGIER,Sarah
leveque.jacques3@wanadoo.fr,LEVEQUE,Jacques
leveque.jacques3@wanadoo.fr,LEVEQUE,Regine
adriensocquet@hotmail.fr,SOCQUET-CLERC,Adrien
emallet73590@gmail.com,MALLET,Eric
sebmoser313@gmail.com,MOSER,Sébastian
jean-robert.fiolleau@orange.fr,FIOLLEAU,Jean-robert
cfiolleau@orange.fr,FIOLLEAU,Christine
sophie.gaiddon@free.fr,BORRAS,Joachim
marion.socquet@gmail.com,RAJERISON - SOCQUET,Marion
a.nuti@bluewin.ch,NUTI,Allouna
i.lavizzari@apachecom.ch,LAVIZZARI NUTI,Isabelle
rom_espalieu@hotmail.com,ESPALIEU,Romain
yannarthur@hotmail.com,ARTHUR,Yann
yannarthur@hotmail.com,CHUA,Kai ching
yannarthur@hotmail.com,ARTHUR,Aramis
yannarthur@hotmail.com,ARTHUR,Yuna
gilbertblanchet@hotmail.com,BLANCHET,Gilbert
philippe.barsus@gmail.com,BARSUS,Phillipe
philippe.barsus@gmail.com,BARSUS,Francoise
amelie.jean.justin@orange.fr,STIERLE,Anatole
Msarkulova@gmail.com,SARKULOVA,Manshuk
cyril@groupe-prosport.com,JOANNIN,Cyril
cyril@groupe-prosport.com,JOANNIN,Charly
claire.bulliard@bluewin.ch,BULLIARD,Claire
0187silviaca@gmail.com,CARRA,Silvia
fleury.delphine@yahoo.fr,FLEURY,Delphine
guillaume.fleury@yahoo.fr,FLEURY,Grace
guillaume.fleury@yahoo.fr,FLEURY,Come
guillaume.fleury@yahoo.fr,FLEURY,Guillaume
ericbenech@wanadoo.fr,BENECH,Eric
alexandra.abello@gmail.com,ABELLO,Vincent
alexandra.abello@gmail.com,ABELLO,Edouard
alexandra.abello@gmail.com,ABELLO,Hadrien
alexandra.abello@gmail.com,ABELLO,Théodore
patrick.pepino@gmail.com,PEPINO,Patrick
laurence.pepino@gmail.com,PEPINO,Laurence
cbenoit@cbe-avocat.fr,BENOIT,Celine
cbenoit@cbe-avocat.fr,MICHALON,Alexis
cbenoit@cbe-avocat.fr,MICHALON,Emma
punoyoun@gmail.com,PRUNAULT,Youen
barlethenri1@gmail.com,BARLET,Henri
courty@sfr.fr,DELACQUIS,Lionel
pierrette.gp@gmail.com,DELACQUIS,Pierrette
barletmariec@gmail.com,BARLET,Marie
acbauwens@yahoo.fr,BAUWENS,Annick
liliane.poveda@laposte.net,POVEDA,Liliane
kalanimoz86@gmail.com,GEOFFROY,Sylvie 
samuelpotin@hotmail.fr,POTIN ,Samuel
noemierosset@gmail.com,ROSSET,Noemie
cathypy@yahoo.fr,PYCROFT,Catherine
coming7475@gmail.com,BRIOLLET,Ingrid
coming7475@gmail.com,BRIOLLET,Edgar
marie.nokovitch@orange.fr,NOKOVITCH,Marie
ocguilland@gmail.com,GUILLAND,Olivier
chloecanbereached@gmail.com,CHICOISNE,Chloe
patriat@free.fr,PATRIAT,Philippe
patpaoli@gmail.com,PAOLI,Patricia
alainpao2@gmail.com,PAOLI,Alain
philippe.g.gallon@gmail.com,GALLON,Philippe
francoise.m.gallon@gmail.com,GALLON,Francoise
christine.brun.collomb@gmail.com,BRUN,Christine
patrice.brun.74@hotmail.fr,BRUN,Patrice
elisabethmerceron@yahoo.fr,GAMOND,Antoine
qcmarieclaude10@hotmail.com,TASSE,Marie-claude
nicolasbottollier74210@gmail.com,BOTTOLLIER-DEPOIS,Nicolas
charlotteservillat@gmail.com,MAGNIEN,Charlotte
legranddmnq@aol.com,LEGRAND,Dominique 
phbriday@gmail.com,BRIDAY,Pierre
valonano@hotmail.fr,PHILIPPE,Valérie
jacob.camille@live.fr,JACOB,Camille
gerardlt1@gmail.com,LACHENAL-TABALLET,Gérard
genielt@gmail.com,LACHENAL-TABALLET,Danielle
crinonfraineau.nicole@sfr.fr,CRINON-FRAINEAU,Nicole
crinonfraineau.nicole@sfr.fr,CRINON,Claude
jacquesarmand89@yahoo.fr,ARMAND,Jacques
annberth@gmail.com,BERTHOLIER,Anne-marie
jacquesarmand89@yahoo.fr,ARMAND,Rithé
maxloupi@gmail.com,LUCCHINI,Olivia
aleksa443@yahoo.com,LANGLET,Alexandra
frederique.brunel0929@orange.fr,BRUNEL,Frédérique
frederique.brunel0929@orange.fr,BRUNEL ,Baptiste
frederique.brunel0929@orange.fr,BRUNEL ,Philippe 
charleswilkes@hotmail.com,WILKES,Charles
cathyparent@me.com,PARENT,Catherine
fabrispatrick123@gmail.com,FABRIS ,Patrick
fabris.maryse@orange.fr,FABRIS,Maryse
nathstosse@gmail.com,MONTENOT,Nathalie
murielh.la@gmail.com,HAMEL,Muriel
gnpretot@orange.fr,PRETOT,Georges
garrypycroft@yahoo.com,PYCROFT,Garry
danielmathien8@gmail.com,MATHIEN,Daniel
maud.guillouet@neuf.fr,GUILLOUET,Maud
e.yushkulis@gmail.com,YUSHKULIS,Ievguienii
sarah.gaidon@gmail.com,GAIDON,Sarah
pierreetienne.mur@gmail.com,MUR,Pierre-Etienne
hdegrivel@gmail.com,DE GRIVEL,Humbert
bc.sanden@gmail.com,SANDEN,Bjorn
bc.sanden@gmail.com,SANDEN,Cornelia
nina.gri@hotmail.fr,GRISANTI,Nina
alexandra.abello@gmail.com,ABELLO,Alexandra
constance.lauwers14@gmail.com,LAUWERS,Constance 
prazdieuleopold@gmail.com,PRAZ DIEU,Leopold
flaugerotte@gmail.com,LAUGEROTTE ,Francine
urukanaro007@gmail.com,MAZZAROTTO,Luka
christelleclaudin@outlook.fr,CLAUDIN,Christelle
jerome.chabert38@gmail.com,CHABERT,Jerome
cjl.servant@gmail.com,SERVANT,Jean luc
family.reinert@t-online.de,REINERT,Uwe
rgmomme@orange.fr,MOMMERANSY,Geneviève
lncrossmax@yahoo.fr,SAUZEAU,Helene
thierrysauzeau@yahoo.fr,SAUZEAU,Thierry 
philippedivay@ymail.com,DIVAY,Philippe
philippedivay@ymail.com,DIVAY,Corinne
alexandrarolland86@gmail.com,ROLLAND,Alexandra
roselyne.devos@laposte.net,FACQUET,Roseline
francis.facquet@wanadoo.fr,FACQUET,Francis
vero.chabert38@gmail.com,CHABERT,Veronique
marie.mouktar@gmail.com,BAH,Eloise
lefortcassie589@gmail.com,LEFORT,Cassie
yves.mgv@gmail.com,DOUCET,Yves
marieb.doucet@gmail.com,DOUCET,Marie-béatrice
guiomar.urbano@gmail.com,URBANO,Guiomar
guiomar.urbano@gmail.com,DACCACHE,Pierre
alanbouix@gmail.com,BOUIX,Erell
marcjp0457@orange.fr,MARC,Yveline
admitrio@fradin-huissier.com,DIMITRIO,Audrey
lecordierw@free.fr,LECORDIER,William
benoit.mopty@yahoo.fr,MOPTY,Zian
alexandramopty@outlook.fr,MOPTY,Alexandra
ohannessianfan@gmail.com,OHANNESSIAN,Léna
duvillard.clovis@gmail.com,DUVILLARD,Clovis
meije.dornon74@gmail.com,DORNON,Meije
ju.vannierm@hotmail.fr,VANNIER,Justine
gillescachia@gmail.com,CACHIA,Gilles
veroniqueolivier3@hotmail.com,CACHIA ,Léo
veroniqueolivier3@hotmail.com,CACHIA ,Véronique 
rouarda@orange.fr,ROUARD,Annie
yvettemc@free.fr,MABBOUX,Quentin
camillemeridol73@gmail.com,MUFFAT MERIDOL,Camille
muffat.eric@gmail.com,MUFFAT MERIDOL ,Eric
camillemeridol73@gmail.com,MUFFAT MERIDOL ,Quentin
camillemeridol73@gmail.com,MUFFAT MERIDOL,Dorine 
cachiafanny@gmail.com,CACHIA,Melvin
cachiafanny@gmail.com,CACHIA,Evann
phbriday@gmail.com,BRIDAY,Auguste
famvalet@gmail.com,VALET,Vincent
famvalet@gmail.com,VALET,Pascale 
miragliacasa@orange.fr,MIRAGLIA,Filippa
evelyne.putero@live.fr,DEGUIGNES,Evelyne
jeanclaude.bouffard@yahoo.fr,BOUFFARD ROUPÉ,Jean-claude
evelyne.putero@live.fr,DEGUIGNES,Gerard
gomez.cecilia.75@gmail.com,GOMEZ ,Cécilia
jacques.burte83@orange.fr,BURTÉ ,Jacques
cournon@gmail.com,REMY DE COURNON,Balthazar
yves.nogier@wanadoo.fr,NOGIER,Yves
am.nogier@orange.fr,NOGIER,Anne marie
thomaspinolgonzalez@gmail.com,PINOL-GONZALEZ,Thomas
contact@limoprojets.fr,MOREL,Vincent
labertrande@wanadoo.fr,LABERTRANDE,Olivier
labertrande@wanadoo.fr,LABERTRANDE,Nathalie
luck.raucau@sfr.fr,RAUCAU,Luc
isabelle.montrauc@hotmail.fr,RAUCAU,Isabelle
david.webb1810@icloud.com,WEBB,Emillia
fannytissot74@gmail.com,TISSOT,Fanny
passardghyslaine@gmx.fr,PASSARD,Ghyslaine
eric.wittersheim@wanadoo.fr,WITTERSHEIM,Eric
eric.wittersheim@wanadoo.fr,WITTERSHEIM,Annick
eric.wittersheim@wanadoo.fr,WITTERSHEIM,Claire
kacharvet@yahoo.fr,CHARVET,Karine
margott.rio@gmail.com,RIOLFO ,Muriel 
bene.mailletcontoz@gmail.com,MAILLET-CONTOZ,Benedicte
jacques.bally@bluewin.ch,BALLY,Jacques
chrisgaiddon@gmail.com,GAIDDON,Christelle
alaingerbet@yahoo.fr,GERBET,Alain
lgerbet@hotmail.com,GERBET,Laurence 
noemieepaulais@yahoo.fr,EPAULAIS ,Noémie 
emeric.seguin@protonmail.com,SEGUIN,Emeric
david06y@gmail.com,YVROUD,David
lamartinamegeve@gmail.com,MILLERET,Daniele
gw3naelle@hotmail.fr,LESSELINGUE,Gwenaelle
jul1less@hotmail.fr,LESSELINGUE ,Julien 
jmboan@agenceboan.com,BOAN MARTINEZ,Jean michel
quentin.perchat@gmail.com,PERCHAT,Annie
gilles.tetard@gmail.com,TETARD,Gilles
paulinedejorna@gmail.com,DE JORNA ,Pauline
virginiedegrivel@gmail.com,DE GRIVEL,Virginie
faustine.tetard@gmail.com,TETARD,Faustine 
elisa.tetard@gmail.com,TETARD,Elisa
k.reid@crudeninvestments.co.uk,REID,Kevin
lesley@reidmail.co.uk,REID,Lesley
alain.gavrel@orange.fr,GAVREL,Alain
alain.gavrel@orange.fr,GAVREL,Annick
socquet.edith@gmail.com,SOCQUET CLERC,Edith
paulineg74000@gmail.com,GAY,Pauline
camilleg74000@gmail.com,GAY,Camille
kategibson@orange.fr,GIBSON,Catherine
paul@chaletk2.com,GIBSON,Paul
nicolas.courtine@sfr.fr,COURTINE,Nicolas
rachel.eyrignoux@orange.fr,EYRIGNOUX,Rachel
yves.seigneur@laposte.net,SEIGNEUR,Yves
rene.ligeon@aliceadsl.fr,LIGEON,Michelle
julienboissier@gmail.com,BOISSIER,Julien 
peresotieu@outlook.fr,SOCQUET-CLERC,Antonin
laurent.winkelmann@bluewin.ch,WINKELMANN,Laurent
abieler@orange.fr,BIELER,Alain
n.bicchierai@yahoo.fr,BICCHIERAI,Nicolas
n.bicchierai@yahoo.fr,BICCHIERAI,Melissa
n.bicchierai@yahoo.fr,BICCHIERAI,Raphael
n.bicchierai@yahoo.fr,BICCHIERAI,Anna
yannbertin@wanadoo.fr,BERTIN,Yann
yannbertin@wanadoo.fr,BERTIN,Chloe 
yannbertin@wanadoo.fr,BERTIN,Aurelie
catherinecurien92@gmail.com,CURIEN,Catherine
bernardbievelez@hotmail.fr,BIEVELEZ,Bernard
bebievelez@gmail.com,BIEVELEZ,Bernadette
henry.ronan@gmail.com,HENRY,Ronan
henry.ronan@gmail.com,HENRY,Milan
aurelieguedj@gmail.com,GUEDJ ,Aurélie 
aurelieguedj@gmail.com,GAETNER GUEDJ,Noam
edeudon@gmail.com,DEUDON,Eric
edeudon@gmail.com,POLTEVA,Anna
edeudon@gmail.com,DEUDON,Alexandre
socquet.edith@gmail.com,SOCQUET-CLERC,Eric
franckopolo@gmail.com,DETAIS,Ivan
sandrinepitois0665@orange.fr,PITOIS,Sandrine 
nicolasfort69@gmail.com,FORT,Nicolas
helenagarriga@icloud.com,GARRIGA,Helena
rachel.eyrignoux@orange.fr,EYRIGNOUX,Vincent
margauxfontana1@hotmail.com,FORT,Margaux
jeanlouis.boyre@sfr.fr,BOYRE,Jean-louis 
boyre@sfr.fr,BOYRE,Sabine 
xiao_chamonix@hotmail.fr,XUE,William
rbeaudel@gmail.com,BEAU DE LOMENIE,Romain
constanceb2005@me.com,BERNARD,Constance
constanceb2005@me.com,BEAU DE LOMéNIE,Pauline
magali-gardes@bluewin.ch,GARDES,Magali
magali-gardes@bluewin.ch,SALVETAT,Raphael
magali-gardes@bluewin.ch,SALVETAT GARDES,Oscar
moreauannie@orange.fr,MOREAU,Annie
verodebray@orange.fr,DEBRAY,Véronique
jacquesducharne@gmail.com,DUCHARNE,Jacques
i.bagnoud@bluewin.ch,BAGNOUD,Isabelle 
jacklegrand9206@aol.com,LEGRAND,Jacques
rohou.c@orange.fr,ROHOU,Christian
rohou.c@orange.fr,ROHOU,Cecile
edmond.oliva@numericable.fr,OLIVA,Edmond
claudette.oliva@numericable.fr,OLIVA,Claudette
perinetflorian@orange.fr,PERINET,Forian
gerardallard401@orange.fr,ALLARD,Marie luce
j.coltier@outlook.com,COLTIER,Jerome
fredcoltier64@outlook.fr,COLTIER,Frederique
tvigoureux@gmail.com,VIGOUREUX,Thierry
claude.rabeisen@gmail.com,RABEISEN,Claude
brabeisen@gmail.com,RABEISEN ,Brigitte 
beniemotte@hotmail.fr,MOTTE,Bénédicte 
pph.motte@gmail.com,MOTTE ,Pierre
o.roux@pca69.fr,ROUX,Olivier
chantal.bodoy@orange.fr,BODOY ,Chantal
clou.mi@hotmail.fr,MAURY ,Clément 
eypert@icloud.com,MAURY,Mahé 
dom.vann@gmail.com,VANNELET FOUCHE,Dominique
jmottet@bluemail.ch,MOTTET,Jacques
patcath@free.fr,ROUSSEL,Catherine
patrick42.roussel@gmail.com,ROUSSEL,Patrick
seigneurdidier@hotmail.fr,SEIGNEUR,Didier
familledupeyron@wanadoo.fr,DUPEYRON,Sylvie
georges.a.petit@free.fr,PETIT,Georges
catherine.mechels@free.fr,MECHELS,Catherine
piersonisa@yahoo.fr,PIERSON,Isabelle
piersonisa@yahoo.fr,PIERSON,Sébastien 
piersonisa@yahoo.fr,PIERSON,Elisa
pfrechet@club-internet.fr,FRÉCHET ,Pierre
pfrechet@club-internet.fr,FRÉCHET ,Véronique 
maxime.honegger@orange.fr,HONEGGER,Maxime
amoban03@gmail.com,BANDINI,Annick
cha.py.magnien@gmail.com,MAGNIEN,Anna
marisa.gindro@gmail.com,GINDRO,Marisa
marisa.gindro@gmail.com,GINDRO,Domenica
elcuwetz@t-online.de,WETZEL,Ellen
elcuwetz@t-online.de,WETZEL,Curtin
andre.gervais0201@orange.fr,GERVAIS,Andre
zialili74@yahoo.fr,VOUILLON,Liliane
fostinelli@swissonline.ch,OSTINELLI,Francois
s.ostinelli@bluemail.ch,OSTINELLI,Sylvia
anaisfaure1@outlook.fr,FAURE,Anais
scousinet@free.fr,COUSINET,Sylvie
alexandre.dedieu@live.fr,DEDIEU,Alexandre
deski.allardanouck@gmail.com,ALLARD,Anouck 
birnagudjons@yahoo.fr,RABBATH,Birna
pierre.selim.r@gmail.com,RABBATH,Pierre
alexandrine.grange@gmail.com,GRANGE,Alexandrine
nathalie.morand@yahoo.fr,MORAND,Nathalie
jeremybore@gmail.com,BORÉ,Lizzy
jeremybore@gmail.com,BORÉ,Jessica
michael@martin.be,MARTIN,Michael
chantal@martin.be,VAN HOLEN,Chantal
christophemilici@orange.fr,MILICI,Christophe
milici.maryline@orange.fr,MILICI,Maryline
maxence.milici@gmail.com,MILICI,Maxence
dje-nc@hotmail.fr,CHATTE,Jérôme 
adele.blin@hotmail.fr,BLIN,Adele
mauro.rivella.meyer@gmail.com,RIVELLA,Mauro
josefinasastre03@gmail.com,SASTRE GUERRERO,Josefina
falaise.alexandra@gmail.com,FALAISE,Alexandra
mishafuse1@gmail.com,KUPLEVATSKYI,Mykhailo
delphine.olivier5@wanadoo.fr,OLIVIER,Delphine
henri.pierre.bonneau@orange.fr,BONNEAU,Henri pierre
henri.pierre.bonneau@orange.fr,BONNEAU,Anne marie
marcrostaing@gmail.com,ROSTAING ,Manuelle 
anniegervais649@orange.fr,GERVAIS,Annie
hucher.denise@orange.fr,HUCHER,Denise
gavrilovaksenia86@gmail.com,HAVRYLOVA,Kseniia
bensaxo.caron@yahoo.fr,CARON,Benoît
ce.ciel62@yahoo.fr,PAUL,Cécile
vincentcolonna@msn.com,COLONNA,Vincent
vincentcolonna@msn.com,COLONNA,Lauriane
vincentcolonna@msn.com,COLONNA,Léonard 
vincentcolonna@msn.com,COLONNA,Camille
bernard.labattut.agea@gmail.com,LABATTUT,Bernard
famille.labattut@gmail.com,LABATTUT,Christine
sabine-massip@wanadoo.fr,MASSIP,Sabine
pascal-massip@wanadoo.fr,MASSIP,Pascal
jmfdeboni@gmail.com,DE BONI,Jean-marc
jmfdeboni@gmail.com,DE BONI,Frédérique 
sm.cheuzeville@yahoo.fr,CHEUZEVILLE,Max
Taieb.khalifa.007@gmail.com,KHALIFA,Taieb
f.honegger@wanadoo.fr,HONEGGER,Franck
b.honegger@me.com,HONEGGER,Brigitte
marie@muntzer.fr,MUNTZER,Marie
marie.muntzer@gmail.com,MUNTZER,Paolo
laurechavaz@gmail.com,CHAVAZ,Laure
bchavaz@gmail.com,CHAVAZ,Benjamin
laurechavaz@gmail.com,CHAVAZ,Victor
laurechavaz@gmail.com,CHAVAZ,Augustin
thmathieu@hotmail.com,MATHIEU,Thomas
philippine.mathieu@hotmail.fr,MATHIEU,Philippine
thmathieu@hotmail.com,MATHIEU,Achille
thmathieu@hotmail.com,MATHIEU,Isaure
martine.demory@wanadoo.fr,BENDANO,Martine
bendano.andre@wanadoo.fr,BENDANO,Andre
direction@megeve-ski.com,MONGET,Grégoire
sophie.lola02@gmail.com,SIMON,Sophie
marine@borini.com,BORINI,Marine
bourdino@wanadoo.fr,BOURDINO,Christophe
gbourdino@hotmail.com,BOURDINO,Gwenaelle
scousinet@free.fr,COUSINET,Bertrand
cfgiraud@gmail.com,GIRAUD,Caroline
aamgiraud@gmail.com,GIRAUD,ANAIS
familledupeyron@wanadoo.fr,DUPEYRON,Xavier
colineim@gmail.com,MIRABAUD,Coline
alban.mirabaud@gmail.com,MIRABAUD,Alban
colineim@gmail.com,MIRABAUD,Carl
colineim@gmail.com,MIRABAUD,Diane
jean-marie.lemarquand@orange.fr,LEMARQUAND,Frederique
jean-marie.lemarquand@orange.fr,LEMARQUAND,Jean marie
will.davies@aspect.co.uk,DAVIES,Wiliam
etiennea158@gmail.com,ETIENNE,Aurelie
guiomar.urbano@gmail.com,DACCACHE,Jean-pierre
y.rodo@bluewin.ch,RODO,Yvan 
sabinarbd@hotmail.com,RODO,Sabina
francoise.leriche07@orange.fr,LERICHE,Françoise
alain.leriche51@wanadoo.fr,LERICHE,Alain
amelie.kirisli@gmail.com,KIRISLI,Amélie
cazinleonie@gmail.com,CAZIN,Léonie
cazinleonie@gmail.com,CAZIN,Victor
cyril.cazin@gmail.com,CAZIN,Cyril
cazinleonie@gmail.com,CAZIN,Lucie
oriane.madern@wanadoo.fr,MADERN,Oriane
frederic.ducdodon@free.fr,DUC DODON,Victoire
dtavernier@joffeassocies.com,TAVERNIER,David
dtavernier@joffeassocies.com,TAVERNIER,Alexia
dtavernier@joffeassocies.com,TAVERNIER,Victor
dtavernier@joffeassocies.com,TAVERNIER,Gaspard
dtavernier@joffeassocies.com,TAVERNIER,Théodora
dtavernier@joffeassocies.com,BLUM-JALLABERT,Anne-catherine
phelsocquet@orange.fr,SOCQUET-JUGLARD,Elisabeth
phelsocquet@orange.fr,SOCQUET-JUGLARD,Philippe
c.lacroix@hotmail.fr,ROUSSET ,Laurent 
c.lacroix@hotmail.fr,ROUSSET ,Céline 
c.lacroix@hotmail.fr,ROUSSET ,Victor
c.lacroix@hotmail.fr,ROUSSET ,Alix
ghigerard@hotmail.fr,GERARD,Ghislaine
piersonisa@yahoo.fr,PIERSON,Rose
babapertet@orange.fr,APERTET,Elisabeth
cdesbordesdemias@gmail.com,DEMIAS,Christine
JC.DEMIAS@GMAIL.COM,DEMIAS,Jean-charles
liliane.bazaille@gmail.com,BAZAILLE,Liliane
claudeorset@orange.fr,ORSET,Marie france
les2grosset@orange.fr,GROSSET BOURBANGE,Annie
oliviaveyrat@hotmail.com,VEYRAT,Olivia
eburg11@hotmail.fr,BURG,Eric
christel.juppet@hotmail.fr,JUPPET,Christel
helene.baldy74@orange.fr,AIELLO,Yness
socquet.mariejo@gmail.com,SOCQUET,Marie josephe
sabgachet@gmail.com,GACHET,Sabah
claraberod@gmail.com,BEROD,Clara
roussellisa445@gmail.com,ROUSSEL,Lisa
cabinetmegeve74@gmail.com,NORMAND,Floriane
malvezinalexandra@gmail.com,MALVEZIN,Alexandra
zeliesaintzeby@hotmail.com,ARANZANA,Manuel
zeliesaintzeby@hotmail.com,SAINT-ZEBY,Zelie
zeliesaintzeby@hotmail.com,ARANZANA,Maxine
zeliesaintzeby@hotmail.com,ARANZANA,Anouk
mgagulic@hotmail.com,GAGULIC,Mehemed
benoitmorel2488@gmail.com,MOREL,BenoÎt
emilie.ducrey@yahoo.fr,DUCREY,Emilie 
hlavie74@gmail.com,LAVIE  DELON,Hélène
elwing74@hotmail.com,GAUTIER,Hermeland
elwing74@hotmail.com,BURNET,Agnes
elwing74@hotmail.com,DEMOLIS,Alex
elwing74@hotmail.com,DEMOLIS,Nell
elwing74@hotmail.com,DEMOLIS,Jaimy
nyut@hotmail.fr,GAILLARD,Fanny
audrey.flesch@gmail.com,FLESCH,Audrey
veraxjulien@gmail.com,VéRAX ,Julien 
ninibreches@icloud.com,PUGNAT ,Tynihau 
will.davies@aspect.co.uk,DAVIES,Helen
nicoloridan35@hotmail.fr,LORIDAN,Nicolas
manon.lemaire.34@gmail.com,LEMAIRE,Manon
sosomorel@hotmail.com,MOREL,Sonia 
monique.blassier@gmail.com,BLASSIER ,Monique 
opoinsot@gmail.com,POINSOT,Olivier
anneaugustinecornali74@gmail.com,CORNALI,Anne-augustine
audreypoinsot@gmail.com,POINSOT,Audrey
edouardpoinsot09@gmail.com,POINSOT,Edouard
sophiejuelle@gmail.com,JUELLE,Sophie
drichard.asalee@gmail.com,RICHARD,Delphine
laurence.strub@gmail.com,STRUB,Laurence
loidefrei@orange.fr,FREI,Loide
benoit-strub@bluewin.ch,STRUB,Benoit
nicolas@homemaison.com,DECHELETTE,Nicolas
nicolas@homemaison.com,DESJOYAUX,Fanny
nicolas@homemaison.com,DECHELETTE,Joseph
nicolas@homemaison.com,DECHELETTE,Gabrielle
will.davies@aspect.co.uk,DAVIES,Maggie
will.davies@aspect.co.uk,DAVIES,Poppy
evanniraola@gmail.com,IRAOLA,Evann
laurence.fuess@gmail.com,COPPEX,Justine
benoit.mopty@yahoo.fr,MOPTY,Benoit
alexandramuffat@gmail.com,KILINC,Ilana
christian.pinchartdeny@gmail.com,PINCHART DENY ,Christian 
christian.pinchartdeny@gmail.com,PINCHART-DENY,Joëlle 
naomi.perrin99@gmail.com,VéQUEAU PERRIN,Naomi
marine@vola.fr,MUFFAT MERIDOL,Marine
jmdegeneve@orange.fr,DEGENEVE,Jean-marie
laurentbonnet@hpi74.com,BONNET,Laurent
truchisfamily@mac.com,DE TRUCHIS DE LAYS,Marie-victoire
asocquet20@gmail.com,SOCQUET,Adrien
pezet.gregoire@neuf.fr,PEZET,Gregoire
the.pezet@laposte.net,PEZET,Thérèse
paget.sebastien@orange.fr,PAGET,Théophile
francoise38guyot@fre.fr,GUYOT,Francoise
HENRY38GUYOT@FREE.FR,GUYOT,Henry
tessenri@hotmail.com,TESSITORE,Enrico
leprelisa@hotmail.com,LEPRE,Elisabetta
stephane.tononi@gmail.com,TONONI,Stephane
sbroussous@yahoo.fr,SANCHEZ BROUSSOUS,Sylvie
edetruchis@icloud.com,DE TRUCHIS DE LAYS,Emmanuel
truchisfamily@mac.com,DE TRUCHIS DE LAYS,Arthus
raphaelhubin@yahoo.com,HUBIN,Raphaël
nicolasfort69@gmail.com,FORT,Roméo
sebastien.chiche@gmail.com,CHICHE,Sebastien
sebastien.chiche@gmail.com,CHICHE,Laurence
sylviemusset@yahoo.fr,MUSSET,Sylvie
sebastien.chiche@gmail.com,CHICHE,Lenny
sebastien.chiche@gmail.com,CHICHE,Andy
sebastien.chiche@gmail.com,CHICHE,Aaron
public@stk.fr,SANDJIAN,Nicolas
artosinjulien@gmail.com,ARTOSIN,Julien
johanebouix@gmail.com,BOUIX,Johane
gerard.perret@yahoo.fr,PERRET,Gérard
martine.perret@yahoo.fr,PERRET,Martine
famillethiery@wanadoo.fr,THIERY,Jean paul
jpqs@jurikalis.com,QUIBLIER-SARBACH,Jean-pierre
raphael@guiragossian.com,GUIRAGOSSIAN,Raphael
raphael@guiragossian.com,GUIRAGOSSIAN,Elena
alessandra.guiragossian@gmail.com,GUIRAGOSSIAN,Alessandra
areli@guiragossian.com,GUIRAGOSSIAN,Areli
thomas.gerphagnon@gmail.com,GERPHAGNON,Thomas
lionel.mailleux@holding-llm.com,MAILLEUX,Lionel
gillier.armand@gmail.com,GILLIER,Armand
bacchetta.marine@hotmail.fr,BACCHETTA,Marine
thomas.brosson@gmail.com,BROSSON,Thomas
remy.koide75@gmail.com,KOIDE,Remy
severinemollier@orange.fr,MOLLIER ,Séverine 
ingridmollard@hotmail.com,MOLLARD,Ingrid
pierremollard22@gmail.com,MOLLARD,Pierre
pierremollard22@gmail.com,MOLLARD,Madeleine
cghysel013@gmail.com,GHYSEL ,Clement 
titours74@hotmail.fr,BRUN,Guillaume
s.become@gmail.com,GATILLON TORLAND,Sonia
gatju@hotmail.fr,GATILLON,Julien
Berengere.pictet@gmail.com,PICTET,Berengere
Berengere.pictet@gmail.com,PICTET ,Jeanne 
francois.pictet@gmail.com,PICTET,Francois
Berengere.pictet@gmail.com,PICTET ,Louise 